{"cameraMode":{"drawMode":0,"name":"Shaded","section":"Shading Mode"},"sceneLighting":true,"audioPlay":false,"sceneViewState":{"showFog":true,"showMaterialUpdate":true,"showSkybox":true,"showFlares":true,"showImageEffects":true,"showParticleSystems":true},"in2DMode":false,"pivot":{"x":38.14107131958008,"y":-12.33553409576416,"z":0.6067624092102051},"rotation":{"x":-0.10176878422498703,"y":-0.6748038530349731,"z":0.09474978595972061,"w":-0.7247820496559143},"size":35.38663101196289,"orthographic":false}