{"cameraMode":{"drawMode":0,"name":"Shaded","section":"Shading Mode"},"sceneLighting":true,"audioPlay":false,"sceneViewState":{"showFog":false,"showMaterialUpdate":false,"showSkybox":true,"showFlares":false,"showImageEffects":true,"showParticleSystems":true},"in2DMode":false,"pivot":{"x":32.797386169433597,"y":4.504970550537109,"z":8.761505126953125},"rotation":{"x":-0.006955631542950869,"y":-0.6645323038101196,"z":0.006187292747199535,"w":-0.7472093105316162},"size":29.872129440307618,"orthographic":false}