{"cameraMode":{"drawMode":0,"name":"Shaded","section":"Shading Mode"},"sceneLighting":true,"audioPlay":false,"sceneViewState":{"showFog":true,"showMaterialUpdate":false,"showSkybox":true,"showFlares":true,"showImageEffects":true,"showParticleSystems":true},"in2DMode":false,"pivot":{"x":-5.514575004577637,"y":-2.0416460037231447,"z":19.837493896484376},"rotation":{"x":0.08427370339632034,"y":-0.18131625652313233,"z":0.015597090125083924,"w":0.979689359664917},"size":19.142066955566408,"orthographic":false}