{"cameraMode":{"drawMode":0,"name":"Shaded","section":"Shading Mode"},"sceneLighting":true,"audioPlay":false,"sceneViewState":{"showFog":true,"showMaterialUpdate":false,"showSkybox":true,"showFlares":true,"showImageEffects":true,"showParticleSystems":true},"in2DMode":false,"pivot":{"x":4.832300186157227,"y":-4.541269302368164,"z":7.955297470092773},"rotation":{"x":-0.22480258345603944,"y":0.023964878171682359,"z":-0.005530905444175005,"w":-0.9740979075431824},"size":10.494904518127442,"orthographic":false}