{"cameraMode":{"drawMode":0,"name":"Shaded","section":"Shading Mode"},"sceneLighting":false,"audioPlay":false,"sceneViewState":{"showFog":true,"showMaterialUpdate":false,"showSkybox":false,"showFlares":true,"showImageEffects":true,"showParticleSystems":true},"in2DMode":false,"pivot":{"x":-1.6800251007080079,"y":1.1949386596679688,"z":-3.5710158348083498},"rotation":{"x":0.15553045272827149,"y":-0.6577787399291992,"z":0.14144514501094819,"w":0.7232804894447327},"size":6.000018119812012,"orthographic":false}